prompt,response
What is the probability of rolling a 3 on a fair 6-sided die?,1/6
What is the probability of rolling a 2 on a fair 6-sided die?,1/6
What is the probability of rolling a 4 on a fair 6-sided die?,1/6
What is the probability of rolling a 5 on a fair 6-sided die?,1/6
What is the probability of rolling a 4 on a fair 6-sided die?,1/6
What is the probability of rolling a 2 on a fair 6-sided die?,1/6
What is the probability of rolling a 2 on a fair 6-sided die?,1/6
What is the probability of rolling a 5 on a fair 6-sided die?,1/6
What is the probability of rolling a 2 on a fair 6-sided die?,1/6
What is the probability of rolling a 5 on a fair 6-sided die?,1/6
What is the probability of rolling a 2 on a fair 6-sided die?,1/6
What is the probability of rolling a 1 on a fair 6-sided die?,1/6
What is the probability of rolling a 2 on a fair 6-sided die?,1/6
What is the probability of rolling a 1 on a fair 6-sided die?,1/6
What is the probability of rolling a 6 on a fair 6-sided die?,1/6
What is the probability of rolling a 3 on a fair 6-sided die?,1/6
What is the probability of rolling a 3 on a fair 6-sided die?,1/6
What is the probability of rolling a 3 on a fair 6-sided die?,1/6
What is the probability of rolling a 3 on a fair 6-sided die?,1/6
What is the probability of rolling a 2 on a fair 6-sided die?,1/6
What is the probability of rolling a 3 on a fair 6-sided die?,1/6
What is the probability of rolling a 1 on a fair 6-sided die?,1/6
What is the probability of rolling a 5 on a fair 6-sided die?,1/6
What is the probability of rolling a 6 on a fair 6-sided die?,1/6
What is the probability of rolling a 3 on a fair 6-sided die?,1/6
What is the probability of rolling a 2 on a fair 6-sided die?,1/6
What is the probability of rolling a 6 on a fair 6-sided die?,1/6
What is the probability of rolling a 2 on a fair 6-sided die?,1/6
What is the probability of rolling a 2 on a fair 6-sided die?,1/6
What is the probability of rolling a 6 on a fair 6-sided die?,1/6
What is the probability of rolling a 3 on a fair 6-sided die?,1/6
What is the probability of rolling a 6 on a fair 6-sided die?,1/6
What is the probability of rolling a 4 on a fair 6-sided die?,1/6
What is the probability of rolling a 1 on a fair 6-sided die?,1/6
What is the probability of rolling a 5 on a fair 6-sided die?,1/6
What is the probability of rolling a 5 on a fair 6-sided die?,1/6
What is the probability of rolling a 1 on a fair 6-sided die?,1/6
What is the probability of rolling a 5 on a fair 6-sided die?,1/6
What is the probability of rolling a 4 on a fair 6-sided die?,1/6
What is the probability of rolling a 2 on a fair 6-sided die?,1/6
What is the probability of rolling a 6 on a fair 6-sided die?,1/6
What is the probability of rolling a 1 on a fair 6-sided die?,1/6
What is the probability of rolling a 6 on a fair 6-sided die?,1/6
What is the probability of rolling a 4 on a fair 6-sided die?,1/6
What is the probability of rolling a 2 on a fair 6-sided die?,1/6
What is the probability of rolling a 1 on a fair 6-sided die?,1/6
What is the probability of rolling a 5 on a fair 6-sided die?,1/6
What is the probability of rolling a 1 on a fair 6-sided die?,1/6
What is the probability of rolling a 6 on a fair 6-sided die?,1/6
What is the probability of rolling a 3 on a fair 6-sided die?,1/6
What is the probability of rolling a 3 on a fair 6-sided die?,1/6
What is the probability of rolling a 5 on a fair 6-sided die?,1/6
What is the probability of rolling a 5 on a fair 6-sided die?,1/6
What is the probability of rolling a 1 on a fair 6-sided die?,1/6
What is the probability of rolling a 4 on a fair 6-sided die?,1/6
What is the probability of rolling a 4 on a fair 6-sided die?,1/6
What is the probability of rolling a 5 on a fair 6-sided die?,1/6
What is the probability of rolling a 1 on a fair 6-sided die?,1/6
What is the probability of rolling a 4 on a fair 6-sided die?,1/6
What is the probability of rolling a 5 on a fair 6-sided die?,1/6
What is the probability of rolling a 3 on a fair 6-sided die?,1/6
What is the probability of rolling a 5 on a fair 6-sided die?,1/6
What is the probability of rolling a 4 on a fair 6-sided die?,1/6
What is the probability of rolling a 1 on a fair 6-sided die?,1/6
What is the probability of rolling a 1 on a fair 6-sided die?,1/6
What is the probability of rolling a 1 on a fair 6-sided die?,1/6
What is the probability of rolling a 5 on a fair 6-sided die?,1/6
What is the probability of rolling a 6 on a fair 6-sided die?,1/6
What is the probability of rolling a 6 on a fair 6-sided die?,1/6
What is the probability of rolling a 6 on a fair 6-sided die?,1/6
What is the probability of rolling a 2 on a fair 6-sided die?,1/6
What is the probability of rolling a 4 on a fair 6-sided die?,1/6
What is the probability of rolling a 5 on a fair 6-sided die?,1/6
What is the probability of rolling a 3 on a fair 6-sided die?,1/6
What is the probability of rolling a 2 on a fair 6-sided die?,1/6
What is the probability of rolling a 3 on a fair 6-sided die?,1/6
What is the probability of rolling a 6 on a fair 6-sided die?,1/6
What is the probability of rolling a 1 on a fair 6-sided die?,1/6
What is the probability of rolling a 4 on a fair 6-sided die?,1/6
What is the probability of rolling a 2 on a fair 6-sided die?,1/6
What is the probability of rolling a 3 on a fair 6-sided die?,1/6
What is the probability of rolling a 2 on a fair 6-sided die?,1/6
What is the probability of rolling a 2 on a fair 6-sided die?,1/6
What is the probability of rolling a 2 on a fair 6-sided die?,1/6
What is the probability of rolling a 5 on a fair 6-sided die?,1/6
What is the probability of rolling a 5 on a fair 6-sided die?,1/6
What is the probability of rolling a 3 on a fair 6-sided die?,1/6
What is the probability of rolling a 2 on a fair 6-sided die?,1/6
What is the probability of rolling a 2 on a fair 6-sided die?,1/6
What is the probability of rolling a 6 on a fair 6-sided die?,1/6
What is the probability of rolling a 5 on a fair 6-sided die?,1/6
What is the probability of rolling a 3 on a fair 6-sided die?,1/6
What is the probability of rolling a 3 on a fair 6-sided die?,1/6
What is the probability of rolling a 1 on a fair 6-sided die?,1/6
What is the probability of rolling a 2 on a fair 6-sided die?,1/6
What is the probability of rolling a 4 on a fair 6-sided die?,1/6
What is the probability of rolling a 3 on a fair 6-sided die?,1/6
What is the probability of rolling a 4 on a fair 6-sided die?,1/6
What is the probability of rolling a 6 on a fair 6-sided die?,1/6
What is the probability of rolling a 6 on a fair 6-sided die?,1/6
"If a coin is flipped twice, what is the probability of getting exactly one head?",1/2
"If a coin is flipped twice, what is the probability of getting exactly one head?",1/2
"If a coin is flipped twice, what is the probability of getting exactly one head?",1/2
"If a coin is flipped twice, what is the probability of getting exactly one head?",1/2
"If a coin is flipped twice, what is the probability of getting exactly one head?",1/2
"If a coin is flipped twice, what is the probability of getting exactly one head?",1/2
"If a coin is flipped twice, what is the probability of getting exactly one head?",1/2
"If a coin is flipped twice, what is the probability of getting exactly one head?",1/2
"If a coin is flipped twice, what is the probability of getting exactly one head?",1/2
"If a coin is flipped twice, what is the probability of getting exactly one head?",1/2
"If a coin is flipped twice, what is the probability of getting exactly one head?",1/2
"If a coin is flipped twice, what is the probability of getting exactly one head?",1/2
"If a coin is flipped twice, what is the probability of getting exactly one head?",1/2
"If a coin is flipped twice, what is the probability of getting exactly one head?",1/2
"If a coin is flipped twice, what is the probability of getting exactly one head?",1/2
"If a coin is flipped twice, what is the probability of getting exactly one head?",1/2
"If a coin is flipped twice, what is the probability of getting exactly one head?",1/2
"If a coin is flipped twice, what is the probability of getting exactly one head?",1/2
"If a coin is flipped twice, what is the probability of getting exactly one head?",1/2
"If a coin is flipped twice, what is the probability of getting exactly one head?",1/2
"If a coin is flipped twice, what is the probability of getting exactly one head?",1/2
"If a coin is flipped twice, what is the probability of getting exactly one head?",1/2
"If a coin is flipped twice, what is the probability of getting exactly one head?",1/2
"If a coin is flipped twice, what is the probability of getting exactly one head?",1/2
"If a coin is flipped twice, what is the probability of getting exactly one head?",1/2
"If a coin is flipped twice, what is the probability of getting exactly one head?",1/2
"If a coin is flipped twice, what is the probability of getting exactly one head?",1/2
"If a coin is flipped twice, what is the probability of getting exactly one head?",1/2
"If a coin is flipped twice, what is the probability of getting exactly one head?",1/2
"If a coin is flipped twice, what is the probability of getting exactly one head?",1/2
"If a coin is flipped twice, what is the probability of getting exactly one head?",1/2
"If a coin is flipped twice, what is the probability of getting exactly one head?",1/2
"If a coin is flipped twice, what is the probability of getting exactly one head?",1/2
"If a coin is flipped twice, what is the probability of getting exactly one head?",1/2
"If a coin is flipped twice, what is the probability of getting exactly one head?",1/2
"If a coin is flipped twice, what is the probability of getting exactly one head?",1/2
"If a coin is flipped twice, what is the probability of getting exactly one head?",1/2
"If a coin is flipped twice, what is the probability of getting exactly one head?",1/2
"If a coin is flipped twice, what is the probability of getting exactly one head?",1/2
"If a coin is flipped twice, what is the probability of getting exactly one head?",1/2
"If a coin is flipped twice, what is the probability of getting exactly one head?",1/2
"If a coin is flipped twice, what is the probability of getting exactly one head?",1/2
"If a coin is flipped twice, what is the probability of getting exactly one head?",1/2
"If a coin is flipped twice, what is the probability of getting exactly one head?",1/2
"If a coin is flipped twice, what is the probability of getting exactly one head?",1/2
"If a coin is flipped twice, what is the probability of getting exactly one head?",1/2
"If a coin is flipped twice, what is the probability of getting exactly one head?",1/2
"If a coin is flipped twice, what is the probability of getting exactly one head?",1/2
"If a coin is flipped twice, what is the probability of getting exactly one head?",1/2
"If a coin is flipped twice, what is the probability of getting exactly one head?",1/2
"If a coin is flipped twice, what is the probability of getting exactly one head?",1/2
"If a coin is flipped twice, what is the probability of getting exactly one head?",1/2
"If a coin is flipped twice, what is the probability of getting exactly one head?",1/2
"If a coin is flipped twice, what is the probability of getting exactly one head?",1/2
"If a coin is flipped twice, what is the probability of getting exactly one head?",1/2
"If a coin is flipped twice, what is the probability of getting exactly one head?",1/2
"If a coin is flipped twice, what is the probability of getting exactly one head?",1/2
"If a coin is flipped twice, what is the probability of getting exactly one head?",1/2
"If a coin is flipped twice, what is the probability of getting exactly one head?",1/2
"If a coin is flipped twice, what is the probability of getting exactly one head?",1/2
"If a coin is flipped twice, what is the probability of getting exactly one head?",1/2
"If a coin is flipped twice, what is the probability of getting exactly one head?",1/2
"If a coin is flipped twice, what is the probability of getting exactly one head?",1/2
"If a coin is flipped twice, what is the probability of getting exactly one head?",1/2
"If a coin is flipped twice, what is the probability of getting exactly one head?",1/2
"If a coin is flipped twice, what is the probability of getting exactly one head?",1/2
"If a coin is flipped twice, what is the probability of getting exactly one head?",1/2
"If a coin is flipped twice, what is the probability of getting exactly one head?",1/2
"If a coin is flipped twice, what is the probability of getting exactly one head?",1/2
"If a coin is flipped twice, what is the probability of getting exactly one head?",1/2
"If a coin is flipped twice, what is the probability of getting exactly one head?",1/2
"If a coin is flipped twice, what is the probability of getting exactly one head?",1/2
"If a coin is flipped twice, what is the probability of getting exactly one head?",1/2
"If a coin is flipped twice, what is the probability of getting exactly one head?",1/2
"If a coin is flipped twice, what is the probability of getting exactly one head?",1/2
"If a coin is flipped twice, what is the probability of getting exactly one head?",1/2
"If a coin is flipped twice, what is the probability of getting exactly one head?",1/2
"If a coin is flipped twice, what is the probability of getting exactly one head?",1/2
"If a coin is flipped twice, what is the probability of getting exactly one head?",1/2
"If a coin is flipped twice, what is the probability of getting exactly one head?",1/2
"If a coin is flipped twice, what is the probability of getting exactly one head?",1/2
"If a coin is flipped twice, what is the probability of getting exactly one head?",1/2
"If a coin is flipped twice, what is the probability of getting exactly one head?",1/2
"If a coin is flipped twice, what is the probability of getting exactly one head?",1/2
"If a coin is flipped twice, what is the probability of getting exactly one head?",1/2
"If a coin is flipped twice, what is the probability of getting exactly one head?",1/2
"If a coin is flipped twice, what is the probability of getting exactly one head?",1/2
"If a coin is flipped twice, what is the probability of getting exactly one head?",1/2
"If a coin is flipped twice, what is the probability of getting exactly one head?",1/2
"If a coin is flipped twice, what is the probability of getting exactly one head?",1/2
"If a coin is flipped twice, what is the probability of getting exactly one head?",1/2
"If a coin is flipped twice, what is the probability of getting exactly one head?",1/2
"If a coin is flipped twice, what is the probability of getting exactly one head?",1/2
"If a coin is flipped twice, what is the probability of getting exactly one head?",1/2
"If a coin is flipped twice, what is the probability of getting exactly one head?",1/2
"If a coin is flipped twice, what is the probability of getting exactly one head?",1/2
"If a coin is flipped twice, what is the probability of getting exactly one head?",1/2
"If a coin is flipped twice, what is the probability of getting exactly one head?",1/2
"If a coin is flipped twice, what is the probability of getting exactly one head?",1/2
"If a coin is flipped twice, what is the probability of getting exactly one head?",1/2
"In a bag with 8 red and 10 blue balls, what is the probability of picking two red balls in a row without replacement?",0.18
"In a bag with 3 red and 3 blue balls, what is the probability of picking two red balls in a row without replacement?",0.2
"In a bag with 8 red and 1 blue balls, what is the probability of picking two red balls in a row without replacement?",0.78
"In a bag with 6 red and 4 blue balls, what is the probability of picking two red balls in a row without replacement?",0.33
"In a bag with 7 red and 1 blue balls, what is the probability of picking two red balls in a row without replacement?",0.75
"In a bag with 7 red and 5 blue balls, what is the probability of picking two red balls in a row without replacement?",0.32
"In a bag with 7 red and 10 blue balls, what is the probability of picking two red balls in a row without replacement?",0.15
"In a bag with 7 red and 1 blue balls, what is the probability of picking two red balls in a row without replacement?",0.75
"In a bag with 9 red and 1 blue balls, what is the probability of picking two red balls in a row without replacement?",0.8
"In a bag with 3 red and 6 blue balls, what is the probability of picking two red balls in a row without replacement?",0.08
"In a bag with 3 red and 6 blue balls, what is the probability of picking two red balls in a row without replacement?",0.08
"In a bag with 2 red and 5 blue balls, what is the probability of picking two red balls in a row without replacement?",0.05
"In a bag with 5 red and 5 blue balls, what is the probability of picking two red balls in a row without replacement?",0.22
"In a bag with 7 red and 3 blue balls, what is the probability of picking two red balls in a row without replacement?",0.47
"In a bag with 5 red and 6 blue balls, what is the probability of picking two red balls in a row without replacement?",0.18
"In a bag with 3 red and 4 blue balls, what is the probability of picking two red balls in a row without replacement?",0.14
"In a bag with 8 red and 10 blue balls, what is the probability of picking two red balls in a row without replacement?",0.18
"In a bag with 9 red and 6 blue balls, what is the probability of picking two red balls in a row without replacement?",0.34
"In a bag with 8 red and 10 blue balls, what is the probability of picking two red balls in a row without replacement?",0.18
"In a bag with 9 red and 8 blue balls, what is the probability of picking two red balls in a row without replacement?",0.26
"In a bag with 2 red and 4 blue balls, what is the probability of picking two red balls in a row without replacement?",0.07
"In a bag with 2 red and 4 blue balls, what is the probability of picking two red balls in a row without replacement?",0.07
"In a bag with 1 red and 3 blue balls, what is the probability of picking two red balls in a row without replacement?",0.0
"In a bag with 3 red and 5 blue balls, what is the probability of picking two red balls in a row without replacement?",0.11
"In a bag with 10 red and 9 blue balls, what is the probability of picking two red balls in a row without replacement?",0.26
"In a bag with 6 red and 9 blue balls, what is the probability of picking two red balls in a row without replacement?",0.14
"In a bag with 6 red and 10 blue balls, what is the probability of picking two red balls in a row without replacement?",0.12
"In a bag with 9 red and 8 blue balls, what is the probability of picking two red balls in a row without replacement?",0.26
"In a bag with 9 red and 2 blue balls, what is the probability of picking two red balls in a row without replacement?",0.65
"In a bag with 5 red and 2 blue balls, what is the probability of picking two red balls in a row without replacement?",0.48
"In a bag with 3 red and 10 blue balls, what is the probability of picking two red balls in a row without replacement?",0.04
"In a bag with 4 red and 9 blue balls, what is the probability of picking two red balls in a row without replacement?",0.08
"In a bag with 3 red and 4 blue balls, what is the probability of picking two red balls in a row without replacement?",0.14
"In a bag with 9 red and 2 blue balls, what is the probability of picking two red balls in a row without replacement?",0.65
"In a bag with 4 red and 1 blue balls, what is the probability of picking two red balls in a row without replacement?",0.6
"In a bag with 8 red and 3 blue balls, what is the probability of picking two red balls in a row without replacement?",0.51
"In a bag with 8 red and 1 blue balls, what is the probability of picking two red balls in a row without replacement?",0.78
"In a bag with 8 red and 8 blue balls, what is the probability of picking two red balls in a row without replacement?",0.23
"In a bag with 5 red and 7 blue balls, what is the probability of picking two red balls in a row without replacement?",0.15
"In a bag with 7 red and 7 blue balls, what is the probability of picking two red balls in a row without replacement?",0.23
"In a bag with 3 red and 4 blue balls, what is the probability of picking two red balls in a row without replacement?",0.14
"In a bag with 7 red and 1 blue balls, what is the probability of picking two red balls in a row without replacement?",0.75
"In a bag with 3 red and 9 blue balls, what is the probability of picking two red balls in a row without replacement?",0.05
"In a bag with 10 red and 7 blue balls, what is the probability of picking two red balls in a row without replacement?",0.33
"In a bag with 5 red and 3 blue balls, what is the probability of picking two red balls in a row without replacement?",0.36
"In a bag with 2 red and 2 blue balls, what is the probability of picking two red balls in a row without replacement?",0.17
"In a bag with 6 red and 6 blue balls, what is the probability of picking two red balls in a row without replacement?",0.23
"In a bag with 3 red and 8 blue balls, what is the probability of picking two red balls in a row without replacement?",0.05
"In a bag with 7 red and 2 blue balls, what is the probability of picking two red balls in a row without replacement?",0.58
"In a bag with 5 red and 1 blue balls, what is the probability of picking two red balls in a row without replacement?",0.67
"In a bag with 6 red and 9 blue balls, what is the probability of picking two red balls in a row without replacement?",0.14
"In a bag with 7 red and 2 blue balls, what is the probability of picking two red balls in a row without replacement?",0.58
"In a bag with 7 red and 5 blue balls, what is the probability of picking two red balls in a row without replacement?",0.32
"In a bag with 5 red and 7 blue balls, what is the probability of picking two red balls in a row without replacement?",0.15
"In a bag with 6 red and 1 blue balls, what is the probability of picking two red balls in a row without replacement?",0.71
"In a bag with 9 red and 6 blue balls, what is the probability of picking two red balls in a row without replacement?",0.34
"In a bag with 2 red and 8 blue balls, what is the probability of picking two red balls in a row without replacement?",0.02
"In a bag with 1 red and 1 blue balls, what is the probability of picking two red balls in a row without replacement?",0.0
"In a bag with 1 red and 9 blue balls, what is the probability of picking two red balls in a row without replacement?",0.0
"In a bag with 9 red and 2 blue balls, what is the probability of picking two red balls in a row without replacement?",0.65
"In a bag with 9 red and 4 blue balls, what is the probability of picking two red balls in a row without replacement?",0.46
"In a bag with 2 red and 7 blue balls, what is the probability of picking two red balls in a row without replacement?",0.03
"In a bag with 3 red and 1 blue balls, what is the probability of picking two red balls in a row without replacement?",0.5
"In a bag with 9 red and 5 blue balls, what is the probability of picking two red balls in a row without replacement?",0.4
"In a bag with 2 red and 6 blue balls, what is the probability of picking two red balls in a row without replacement?",0.04
"In a bag with 8 red and 8 blue balls, what is the probability of picking two red balls in a row without replacement?",0.23
"In a bag with 8 red and 8 blue balls, what is the probability of picking two red balls in a row without replacement?",0.23
"In a bag with 3 red and 4 blue balls, what is the probability of picking two red balls in a row without replacement?",0.14
"In a bag with 3 red and 2 blue balls, what is the probability of picking two red balls in a row without replacement?",0.3
"In a bag with 6 red and 6 blue balls, what is the probability of picking two red balls in a row without replacement?",0.23
"In a bag with 5 red and 6 blue balls, what is the probability of picking two red balls in a row without replacement?",0.18
"In a bag with 6 red and 6 blue balls, what is the probability of picking two red balls in a row without replacement?",0.23
"In a bag with 6 red and 1 blue balls, what is the probability of picking two red balls in a row without replacement?",0.71
"In a bag with 5 red and 7 blue balls, what is the probability of picking two red balls in a row without replacement?",0.15
"In a bag with 5 red and 4 blue balls, what is the probability of picking two red balls in a row without replacement?",0.28
"In a bag with 8 red and 8 blue balls, what is the probability of picking two red balls in a row without replacement?",0.23
"In a bag with 1 red and 4 blue balls, what is the probability of picking two red balls in a row without replacement?",0.0
"In a bag with 7 red and 3 blue balls, what is the probability of picking two red balls in a row without replacement?",0.47
"In a bag with 7 red and 9 blue balls, what is the probability of picking two red balls in a row without replacement?",0.18
"In a bag with 1 red and 5 blue balls, what is the probability of picking two red balls in a row without replacement?",0.0
"In a bag with 8 red and 5 blue balls, what is the probability of picking two red balls in a row without replacement?",0.36
"In a bag with 2 red and 2 blue balls, what is the probability of picking two red balls in a row without replacement?",0.17
"In a bag with 10 red and 7 blue balls, what is the probability of picking two red balls in a row without replacement?",0.33
"In a bag with 6 red and 10 blue balls, what is the probability of picking two red balls in a row without replacement?",0.12
"In a bag with 6 red and 5 blue balls, what is the probability of picking two red balls in a row without replacement?",0.27
"In a bag with 4 red and 9 blue balls, what is the probability of picking two red balls in a row without replacement?",0.08
"In a bag with 4 red and 1 blue balls, what is the probability of picking two red balls in a row without replacement?",0.6
"In a bag with 5 red and 5 blue balls, what is the probability of picking two red balls in a row without replacement?",0.22
"In a bag with 7 red and 9 blue balls, what is the probability of picking two red balls in a row without replacement?",0.18
"In a bag with 6 red and 5 blue balls, what is the probability of picking two red balls in a row without replacement?",0.27
"In a bag with 5 red and 9 blue balls, what is the probability of picking two red balls in a row without replacement?",0.11
"In a bag with 6 red and 6 blue balls, what is the probability of picking two red balls in a row without replacement?",0.23
"In a bag with 7 red and 5 blue balls, what is the probability of picking two red balls in a row without replacement?",0.32
"In a bag with 8 red and 3 blue balls, what is the probability of picking two red balls in a row without replacement?",0.51
"In a bag with 2 red and 5 blue balls, what is the probability of picking two red balls in a row without replacement?",0.05
"In a bag with 2 red and 6 blue balls, what is the probability of picking two red balls in a row without replacement?",0.04
"In a bag with 5 red and 4 blue balls, what is the probability of picking two red balls in a row without replacement?",0.28
"In a bag with 3 red and 5 blue balls, what is the probability of picking two red balls in a row without replacement?",0.11
"In a bag with 1 red and 1 blue balls, what is the probability of picking two red balls in a row without replacement?",0.0
"In a bag with 8 red and 6 blue balls, what is the probability of picking two red balls in a row without replacement?",0.31
